# {"t_start": 1575375206.093287, "env_id": "MobileDualUR5HuskyPickAndPlace-v1"} 
r,l,t
-107.756901,100,3.217606
-73.07918,100,6.51444
-68.652412,100,9.427539
-103.029704,100,12.062138
-157.198919,100,14.895192
-75.818824,100,17.710707
-130.035383,100,20.789855
-84.52221,100,24.04881
-82.930036,100,27.066858
-112.117192,100,29.895133
-116.041857,100,32.723089
-100.85925,100,35.469539
-129.087267,100,38.397649
-131.616752,100,41.275104
-92.467748,100,44.190278
-145.464331,100,46.827242
-64.632581,100,49.50048
-104.481516,100,52.267526
-80.913432,100,55.21153
-89.939299,100,58.489425
-81.599206,100,92.642546
-87.315091,100,95.952698
-125.641558,100,99.244693
-118.983613,100,101.874423
-143.286058,100,104.536807
-69.843647,100,107.493522
-56.799827,100,110.547115
-73.374489,100,113.6928
-88.891218,100,116.739938
-103.085137,100,119.545391
-72.622479,100,122.177839
-112.771771,100,125.109268
-97.8971,100,128.379688
-134.399507,100,131.331034
-78.578601,100,134.431642
-99.205449,100,137.315433
-137.801469,100,139.552937
-159.068303,100,142.308649
-94.660707,100,145.224342
-107.203303,100,148.571108
-145.76107,100,153.09015
-95.709515,100,156.384354
-119.782104,100,158.814386
-93.81173,100,161.831683
-95.805258,100,164.898993
-133.045913,100,168.044497
-85.746518,100,171.722644
-123.395151,100,174.364273
-92.303032,100,177.077007
-98.13215,100,179.977567
-145.532835,100,182.98311
-115.711295,100,186.544976
-75.538632,100,189.707751
-107.108892,100,192.125611
-118.095521,100,194.920462
-92.246682,100,197.979953
-103.786991,100,200.755357
-96.476843,100,203.980885
-85.052128,100,207.058477
-66.978041,100,209.584799
-113.379861,100,212.234855
-93.239992,100,216.610715
-110.342594,100,219.655228
-104.269157,100,223.107803
-82.290833,100,226.005461
-101.923096,100,228.634213
-117.690496,100,231.460255
-107.749148,100,234.267237
-74.843978,100,237.493169
-107.733437,100,240.857943
-92.444287,100,244.101488
-113.560091,100,246.750581
-85.572279,100,249.640883
-103.996111,100,252.962574
-121.723524,100,255.916015
-82.509774,100,259.361989
-126.737236,100,262.429618
-104.671226,100,265.047767
-125.362513,100,267.325152
-120.812914,100,270.276283
-90.484416,100,273.497603
-74.778272,100,278.027494
-83.406295,100,281.286692
-109.087166,100,284.199833
-116.477546,100,287.023914
-128.551867,100,290.236155
-109.839484,100,293.369266
-122.795376,100,296.199512
-80.177077,100,299.329067
-115.306517,100,301.889305
-94.163093,100,304.604238
-117.644975,100,307.711291
-147.491303,100,310.669973
-116.913742,100,313.445457
-127.834497,100,316.680007
-137.531599,100,319.317359
-106.351437,100,321.828915
-143.28425,100,324.712227
-110.397549,100,327.787996
-103.955179,100,330.968527
-86.96942,100,334.114139
-1089.96257,100,336.373957
-90.401811,100,340.000465
-134.3219,100,342.751708
-78.682537,100,345.842788
-123.633438,100,349.254636
-151.300614,100,352.428461
-95.633948,100,355.007327
-140.269095,100,357.495235
-142.439359,100,360.383136
-95.556468,100,363.655267
-56.693755,100,366.858106
-99.806511,100,370.136387
-115.421073,100,373.409069
-74.105892,100,376.036558
-86.263397,100,379.093951
-87.936798,100,382.19341
-1136.699963,100,384.937667
-144.619826,100,388.019037
-71.783656,100,391.01609
-77.231874,100,393.512916
-151.929318,100,396.451105
-115.859835,100,400.823088
-92.597045,100,404.116014
-78.347018,100,407.406822
-94.234875,100,410.200936
-131.696447,100,413.141601
-101.339396,100,415.954954
-102.98106,100,419.035237
-95.447332,100,422.412834
-99.637686,100,425.733196
-122.369491,100,428.406603
-149.231894,100,430.780208
-81.325355,100,433.646925
-89.465201,100,436.748719
-74.27948,100,439.979011
-1127.357694,100,442.199555
-120.447516,100,445.051089
-75.479453,100,447.522027
-152.861852,100,450.227348
-82.072102,100,453.048139
-80.578485,100,456.422389
-110.919641,100,459.738929
-107.070876,100,463.790429
-95.336979,100,466.310063
-124.343969,100,469.431828
-63.012389,100,472.51786
-93.303336,100,475.768497
-108.061387,100,479.118742
-98.3515,100,481.896839
-104.592951,100,484.417945
-77.950578,100,487.178123
-140.292463,100,490.230263
-121.230041,100,493.371117
-79.676518,100,496.458638
-128.2091,100,499.301535
-94.064043,100,501.793463
-77.850112,100,504.793562
-102.604912,100,507.833604
-1133.243551,100,510.459136
-78.148175,100,513.82953
-84.53936,100,516.968337
-1151.527845,100,518.910453
-128.786379,100,523.246646
-96.918429,100,526.234481
-122.735017,100,529.33102
-102.365215,100,532.645167
-159.202943,100,535.674137
-64.974906,100,538.13591
-86.454522,100,540.903869
-84.430961,100,544.189182
-97.54427,100,547.426076
-148.320061,100,550.411823
-1143.594933,100,552.555626
-177.184813,100,555.116133
-96.167389,100,557.675108
-94.230625,100,560.57444
-174.400642,100,563.732648
-85.989625,100,567.046553
-142.03414,100,569.834883
-131.880257,100,572.312382
-96.24686,100,574.816529
-100.025121,100,577.928103
-143.263121,100,580.70957
-95.599071,100,585.456811
-74.152889,100,588.568349
-113.307406,100,591.290926
-1129.334592,100,593.268904
-105.000354,100,596.312372
-95.998453,100,599.26342
-87.469705,100,602.542652
-95.136387,100,605.793829
-141.99385,100,608.357635
-83.158148,100,610.735267
-1116.871498,100,613.170437
-147.505351,100,616.049049
-77.256288,100,619.264344
-52.856704,100,622.216708
-153.883587,100,625.125276
-139.611161,100,627.397506
-97.695101,100,630.192656
-85.116543,100,633.039405
-96.882001,100,636.154922
-80.386926,100,639.462338
-105.699117,100,643.654102
-92.991794,100,646.021627
-114.39841,100,648.855639
-83.385158,100,651.950242
-81.098875,100,655.476933
-129.686368,100,658.813563
-1142.87764,100,660.991473
-72.180001,100,663.38833
-147.551919,100,666.288916
-70.088174,100,669.269889
-113.431804,100,672.389819
-134.385913,100,675.1027
-89.087126,100,678.283793
-1119.773558,100,680.432028
-142.389038,100,683.005265
-93.092029,100,686.018505
-98.228711,100,688.954933
-105.537441,100,692.162727
-86.100181,100,695.282011
-73.726231,100,698.096437
-128.254923,100,700.175029
-133.664969,100,704.222583
-1100.014281,100,706.928436
-62.152582,100,709.92509
-69.579464,100,713.08706
-87.951378,100,715.82953
-108.537934,100,718.401243
-119.011672,100,720.952085
-53.573924,100,723.866228
-96.019525,100,727.216899
-54.242964,100,730.410873
-1144.241025,100,732.753873
-74.444332,100,735.297614
-155.602263,100,737.779793
-105.46783,100,740.766446
-126.754449,100,744.015182
-179.49602,100,747.081504
-70.07727,100,750.207485
-91.066009,100,752.739532
-155.468498,100,755.284239
-79.076712,100,758.273564
-96.39192,100,762.661846
-135.793799,100,765.835562
-92.527692,100,768.943911
-78.284128,100,771.364497
-63.694949,100,774.046447
-87.687839,100,776.994684
-99.89241,100,780.055907
-46.853352,100,783.058143
-119.963588,100,786.403296
-88.311661,100,789.04305
-69.45666,100,791.553385
-90.352301,100,794.39207
-66.793366,100,797.386955
-88.106698,100,800.514178
-70.178401,100,803.595273
-84.002323,100,806.229986
-128.895276,100,808.437137
-122.83165,100,811.056364
-1103.457568,100,813.649189
-62.834554,100,816.879043
-145.452292,100,820.09265
-81.915849,100,823.941375
-46.706536,100,826.371199
-90.920123,100,829.455895
-75.662155,100,832.437762
-81.301917,100,835.820626
-64.928907,100,839.080774
-94.414982,100,841.845126
-89.284651,100,844.511295
-153.018131,100,847.364035
-46.966381,100,850.497833
-65.957334,100,853.567511
-131.641024,100,856.586581
-1085.578013,100,859.052598
-121.031035,100,861.359199
-56.162984,100,864.190732
-91.0385,100,867.088902
-55.441963,100,870.466377
-77.271738,100,873.60791
-163.485271,100,876.299696
-92.972896,100,878.63559
-116.950599,100,882.849797
-86.144159,100,885.909782
-146.53325,100,888.862678
-94.703731,100,891.888159
-77.70358,100,894.604957
-90.21286,100,897.187254
-88.531728,100,899.909276
-84.271478,100,902.837169
-137.207539,100,905.629368
-88.889419,100,908.63382
-78.852608,100,911.698902
-64.908654,100,914.241348
-56.44781,100,917.013987
-43.20858,100,919.919621
-83.269615,100,923.092964
-129.582307,100,926.255157
-62.52848,100,929.361614
-66.095297,100,931.930784
-79.645286,100,934.614414
-152.546252,100,937.339118
-92.70972,100,940.67247
-105.054004,100,944.961761
-99.660967,100,947.827428
-72.903642,100,950.339689
-109.58587,100,953.206003
-138.595165,100,955.833592
-84.23037,100,959.013578
-81.768952,100,962.121818
-78.352269,100,965.034132
-77.476602,100,967.497582
-104.447822,100,970.292611
-58.638061,100,973.319114
-52.388888,100,976.467569
-55.801731,100,979.569626
-75.098903,100,982.451995
-61.592169,100,984.912794
-1099.216579,100,987.30225
-110.415041,100,990.237812
-60.405308,100,993.305803
-56.636937,100,996.242027
-107.942042,100,999.235129
-85.356199,100,1002.899496
-84.977191,100,1005.595005
-146.892138,100,1008.575646
-89.299326,100,1011.622527
-163.406284,100,1014.958864
-54.532775,100,1018.009989
-56.012736,100,1020.42119
-96.037518,100,1023.253735
-1128.465627,100,1025.702527
-153.389392,100,1028.64335
-149.733413,100,1031.932136
-162.950355,100,1034.911354
-50.923007,100,1037.503926
-141.370766,100,1039.75777
-64.112048,100,1042.480155
-93.989775,100,1045.480597
-76.4734,100,1048.497137
-80.728848,100,1051.805007
-87.184413,100,1054.543946
-125.026694,100,1057.101694
-68.342312,100,1059.950053
-54.335936,100,1064.413006
-96.885529,100,1067.602777
-82.015798,100,1070.522142
-98.265728,100,1073.162664
-109.884854,100,1075.836396
-86.679604,100,1078.688931
-104.946324,100,1081.614967
-77.725504,100,1085.043306
-1119.795379,100,1087.33906
-60.753682,100,1089.993762
-77.816329,100,1092.755133
-126.950884,100,1095.334049
-68.211789,100,1098.416298
-84.823993,100,1101.560828
-77.076568,100,1104.810745
-84.015276,100,1107.493282
-83.19539,100,1110.181701
-70.845203,100,1113.071452
-77.392449,100,1116.202476
-70.818638,100,1119.409856
-80.325812,100,1123.526556
-1113.729158,100,1125.681022
-79.960298,100,1128.396067
-82.595365,100,1131.284452
-83.546754,100,1134.251146
-63.839482,100,1137.273072
-67.30662,100,1140.335297
-112.336784,100,1143.070256
-76.367848,100,1145.616425
-1133.633565,100,1147.911588
-62.247364,100,1150.803287
-64.236018,100,1154.11144
-139.680311,100,1157.256091
-151.173596,100,1160.00636
-65.123044,100,1162.440258
-71.352973,100,1165.20493
-52.856066,100,1168.273056
-87.881652,100,1171.311869
-145.950862,100,1174.357726
-172.796699,100,1177.538899
-88.642065,100,1179.960382
-82.668161,100,1184.177912
-78.54987,100,1187.078024
-121.63817,100,1190.051069
-77.476976,100,1193.186769
-79.008794,100,1196.079839
-94.880529,100,1198.372338
-135.036116,100,1200.920434
-78.066159,100,1203.769955
-55.686213,100,1206.828249
-135.735092,100,1210.101884
-60.051659,100,1212.992049
-62.42392,100,1215.566371
-79.685305,100,1218.316315
-110.64759,100,1221.32924
-92.242965,100,1224.496001
-62.433142,100,1227.708769
-79.009811,100,1230.862603
-150.293844,100,1233.120528
-75.646266,100,1235.891499
-87.917282,100,1238.919859
-98.758577,100,1243.279149
-80.742004,100,1246.422842
-129.742283,100,1249.380015
-102.941068,100,1251.890327
-136.480719,100,1254.71966
-103.698715,100,1257.693141
-78.49195,100,1261.056509
-83.135486,100,1264.285229
-74.507279,100,1267.15431
-131.625053,100,1269.278418
-70.342321,100,1272.255208
-69.095087,100,1275.297015
-58.210249,100,1278.527415
-78.924152,100,1281.613094
-58.519445,100,1284.554443
-75.52222,100,1287.056652
-125.559631,100,1289.892869
-109.009397,100,1292.727893
-72.73194,100,1295.967374
-83.930766,100,1299.012848
-135.441777,100,1302.16321
-82.593254,100,1305.854911
-68.391495,100,1308.669439
-86.090918,100,1311.70108
-100.518224,100,1315.258591
-84.501701,100,1318.431256
-65.736465,100,1320.917666
-79.369774,100,1323.508278
-76.785543,100,1326.315263
-119.029433,100,1329.336658
-80.791964,100,1332.443101
-87.365329,100,1335.703883
-79.811324,100,1338.229623
-81.837017,100,1340.704879
-68.580754,100,1343.491068
-107.046157,100,1346.641499
-1127.537042,100,1349.139603
-88.642974,100,1352.400758
-85.325328,100,1355.493753
-172.296545,100,1357.824452
-72.71269,100,1360.520256
-100.3884,100,1364.827271
-70.717358,100,1368.092019
-86.151131,100,1371.245667
-148.301529,100,1373.935484
-72.607261,100,1376.420876
-72.898783,100,1379.09958
-61.822686,100,1381.945732
-69.961244,100,1385.048433
-61.64307,100,1388.162025
-181.100911,100,1390.76732
-82.546229,100,1393.397488
-70.971071,100,1396.172783
-129.582242,100,1398.702166
-145.135955,100,1401.487672
-88.546633,100,1404.758652
-126.739124,100,1407.548063
-94.687249,100,1410.110628
-68.358457,100,1412.679368
-77.399232,100,1415.652773
-86.565508,100,1418.612508
-73.514613,100,1421.872776
-86.156435,100,1426.016701
-73.467793,100,1428.40431
-156.053915,100,1430.863804
-68.656943,100,1433.793514
-170.865327,100,1437.060645
-84.208649,100,1440.122203
-90.927452,100,1443.140504
-67.850233,100,1445.680852
-88.912392,100,1448.300205
-1118.069704,100,1450.473676
-147.878388,100,1453.49256
-166.512555,100,1456.531067
-89.312854,100,1459.601127
-67.285231,100,1462.459049
-164.168815,100,1464.928147
-1122.937173,100,1467.126672
-72.56652,100,1470.022372
-155.386321,100,1472.962495
-62.36625,100,1476.163019
-116.001918,100,1479.199368
-140.113104,100,1482.834261
-1133.296146,100,1485.359419
-75.020125,100,1488.446317
-69.932548,100,1491.623026
-78.567457,100,1494.70242
-77.558557,100,1497.708329
-85.869768,100,1500.161843
-63.247075,100,1503.059963
-101.8367,100,1506.199371
-81.076454,100,1509.425298
-80.712192,100,1512.484498
-125.998955,100,1515.104762
-62.206993,100,1517.563913
-96.043273,100,1520.308361
-75.175614,100,1523.139329
-99.214923,100,1526.16254
-73.780218,100,1529.245195
-80.637582,100,1532.142642
-80.222989,100,1534.682487
-56.191133,100,1537.470794
-102.447308,100,1540.491783
-77.953088,100,1544.949857
-65.135813,100,1548.180296
-91.930118,100,1550.884502
-191.666136,100,1553.56341
-154.879599,100,1556.6456
-82.297185,100,1559.559152
-71.174954,100,1562.914913
-59.325072,100,1565.992453
-65.836225,100,1568.729555
-82.760903,100,1571.203204
-71.551262,100,1574.200214
-150.00997,100,1576.772836
-55.200848,100,1579.935251
-72.773476,100,1583.10907
-135.242428,100,1586.040056
-82.092522,100,1588.524302
-64.641549,100,1591.383388
-83.619689,100,1594.168072
-72.9416,100,1597.323955
-94.425111,100,1600.38813
-129.661028,100,1604.218588
-77.097129,100,1606.64944
-129.602288,100,1609.29395
-65.527316,100,1612.502818
-78.959405,100,1615.717212
-80.1966,100,1618.816038
-67.098929,100,1621.743661
-65.167019,100,1624.259495
-70.233325,100,1627.48563
-1083.35639,100,1630.093716
-106.255092,100,1633.224358
-81.711419,100,1636.232575
-66.045353,100,1639.076769
-166.093544,100,1641.450359
-105.821574,100,1644.131146
-76.18392,100,1646.979584
-56.643145,100,1650.001128
-135.187317,100,1653.025554
-63.75062,100,1656.133444
-80.000982,100,1658.78611
-74.660396,100,1662.886426
-70.827745,100,1665.854387
-64.599598,100,1668.975799
-145.707712,100,1671.880539
-83.036631,100,1674.952536
-67.655004,100,1677.50184
-76.273096,100,1680.180471
-72.590968,100,1683.038218
-74.220856,100,1686.043152
-126.304036,100,1689.215207
-55.238792,100,1692.203634
-58.528174,100,1694.824053
-71.038294,100,1697.544113
-118.871443,100,1700.383401
-164.704443,100,1703.305041
-138.145475,100,1706.534136
-144.794137,100,1709.66713
-71.910758,100,1712.273628
-138.279931,100,1714.485016
-84.170607,100,1717.367731
-66.841744,100,1720.302808
-77.116883,100,1724.829015
-65.514923,100,1727.78486
-68.334363,100,1730.299033
-86.542047,100,1732.861733
-86.085698,100,1735.957208
-68.045646,100,1738.848147
-51.781198,100,1742.005285
-79.547915,100,1745.201741
-78.770402,100,1747.934596
-80.589866,100,1750.569316
-74.564747,100,1753.429721
-74.216366,100,1756.413453
-85.022532,100,1759.644356
-76.346737,100,1762.911188
-64.30096,100,1765.648416
-77.614347,100,1768.216494
-94.491124,100,1771.23503
-53.506865,100,1774.080948
-82.574923,100,1777.154446
-92.537305,100,1780.080041
-52.904682,100,1783.854338
-50.229329,100,1786.453722
-47.861918,100,1789.351105
-84.148629,100,1792.326685
-118.821673,100,1795.379704
-142.996977,100,1798.62511
-125.815063,100,1801.2498
-140.481429,100,1804.052255
-72.689407,100,1807.004096
-142.316153,100,1809.938522
-93.656225,100,1813.063642
-95.120494,100,1816.010876
-78.633253,100,1818.68519
-63.946333,100,1821.307007
-74.948803,100,1824.076183
-74.403256,100,1827.191061
-67.964544,100,1830.28245
-62.064978,100,1833.412552
-84.056391,100,1835.976116
-66.209667,100,1838.352956
-1118.125329,100,1840.639235
-56.192701,100,1845.218213
-91.664454,100,1848.484374
-111.923999,100,1851.706525
-63.6531,100,1854.488604
-51.284501,100,1857.225674
-73.970994,100,1860.138474
-64.58804,100,1863.320651
-104.299176,100,1866.484492
-71.553423,100,1869.672807
-62.447737,100,1872.308458
-70.722516,100,1874.917785
-114.769625,100,1877.685235
-57.975603,100,1880.744131
-64.459023,100,1883.789423
-61.055723,100,1886.777354
-75.946951,100,1889.244211
-58.566386,100,1891.757601
-44.733479,100,1894.499655
-151.370876,100,1897.391153
-70.605566,100,1900.459407
-75.183207,100,1904.742388
-62.461433,100,1907.247321
-130.324164,100,1910.082055
-132.247569,100,1912.57064
-56.270426,100,1915.662759
-1121.102571,100,1918.359628
-45.241173,100,1921.548325
-51.956609,100,1924.056058
-64.140122,100,1926.593988
-60.719696,100,1929.350505
-53.479061,100,1932.559952
-60.922951,100,1935.725983
-1109.586544,100,1938.455531
-143.874963,100,1941.196976
-97.569695,100,1943.789742
-46.32439,100,1946.332637
-86.206529,100,1949.371912
-1123.480798,100,1952.170469
-85.875082,100,1955.349891
-64.001741,100,1958.124282
-1131.872481,100,1960.495864
-83.969581,100,1964.334925
-103.497539,100,1967.558282
-61.46464,100,1970.70966
-68.255882,100,1973.815841
-65.977537,100,1976.662335
-129.98778,100,1979.413452
-1124.279579,100,1981.618349
-68.760435,100,1984.700249
-63.013458,100,1987.878281
-59.419755,100,1990.970359
-97.582905,100,1993.708953
-55.082515,100,1996.277543
-66.250172,100,1998.740901
-81.812746,100,2001.801785
-51.943141,100,2005.035591
-43.771202,100,2008.006438
-54.443056,100,2010.693639
-59.047033,100,2013.245005
-98.530443,100,2015.915646
-80.792975,100,2018.806734
-77.076884,100,2023.322138
-70.589563,100,2026.282207
-69.619682,100,2029.030253
-84.713719,100,2031.684803
-75.806114,100,2034.293856
-115.132447,100,2037.553375
-117.801191,100,2040.629633
-80.593191,100,2043.672922
-73.111296,100,2046.419684
-53.958823,100,2049.091237
-96.015768,100,2051.849267
-80.608367,100,2055.030881
-64.643793,100,2058.443943
-67.775058,100,2061.543507
-138.792099,100,2064.038557
-62.299784,100,2066.628033
-49.776657,100,2069.413216
-84.404428,100,2072.68937
-137.420799,100,2075.910696
-114.481252,100,2079.046097
-43.428951,100,2081.98902
-52.841269,100,2086.005641
-74.558462,100,2089.177573
-48.760492,100,2092.296346
-93.311476,100,2095.362427
-49.197086,100,2098.277169
-52.239972,100,2100.717543
-58.951582,100,2103.407645
-73.093378,100,2106.43357
-85.381269,100,2109.724426
-80.191737,100,2112.781751
-49.885531,100,2115.677088
-61.383226,100,2118.116866
-76.801819,100,2120.838049
-71.503749,100,2123.851783
-76.451933,100,2127.048696
-64.473631,100,2130.16859
-56.428708,100,2133.128423
-71.095139,100,2135.624635
-78.623674,100,2138.212704
-66.12582,100,2141.19791
-74.441065,100,2145.634226
-65.751012,100,2148.6311
-126.378702,100,2151.26528
-101.870445,100,2153.942604
-68.728159,100,2156.524266
-72.245818,100,2159.448486
-57.762958,100,2162.680362
-93.032793,100,2165.721041
-74.081179,100,2168.584342
-73.529243,100,2170.993457
-60.557483,100,2173.526942
-131.531865,100,2176.017576
-56.091159,100,2179.023655
-65.10953,100,2182.223459
-63.656548,100,2185.294116
-49.208814,100,2187.844178
-58.576679,100,2190.338701
-43.728564,100,2193.21008
-65.700511,100,2196.479556
-73.179006,100,2199.474668
-83.451773,100,2202.53415
-64.680439,100,2206.277298
-63.766248,100,2208.963728
-61.237186,100,2211.843073
-59.253025,100,2214.859163
-37.621254,100,2217.901186
-67.935466,100,2220.76934
-117.747172,100,2223.029639
-59.363366,100,2225.582373
-33.683739,100,2228.540334
-56.448754,100,2231.567378
-62.047073,100,2234.692257
-58.057847,100,2237.668022
-53.063587,100,2240.362992
-48.043163,100,2242.95575
-90.595968,100,2245.45376
-76.235962,100,2248.409021
-51.85662,100,2251.441871
-42.805936,100,2254.787654
-58.549962,100,2257.391107
-33.322683,100,2259.929072
-55.610641,100,2263.939202
-1132.178239,100,2266.727713
-61.264102,100,2269.921743
-106.282476,100,2273.030274
-69.481105,100,2275.759399
-113.801712,100,2277.945863
-46.835771,100,2280.546943
-81.463507,100,2283.522574
-99.030913,100,2286.726862
-41.98894,100,2289.800295
-54.672134,100,2292.71124
-68.741562,100,2295.255393
-55.226924,100,2297.980902
-66.647898,100,2300.827866
-91.619809,100,2303.645595
-70.152757,100,2306.92917
-114.246531,100,2309.715243
-61.128351,100,2312.167239
-69.880701,100,2315.144791
-57.823168,100,2318.181599
-63.303648,100,2321.241842
-55.695649,100,2325.598352
-71.593018,100,2328.364181
-83.63282,100,2331.082552
-54.781572,100,2333.982491
-63.34676,100,2336.983969
-69.702017,100,2340.295566
-69.689511,100,2343.353563
-38.066285,100,2346.036369
-49.073741,100,2348.805862
-64.36327,100,2351.374321
-60.254168,100,2354.428134
-82.7297,100,2357.474915
-83.926257,100,2360.54232
-94.925491,100,2363.274529
-98.777875,100,2365.833973
-52.816539,100,2368.413248
-75.479639,100,2371.405116
-33.229754,100,2374.452826
-1101.908343,100,2377.12136
-49.811267,100,2380.239283
-52.548278,100,2384.161944
-68.154549,100,2386.922502
-81.981731,100,2389.847109
-58.593934,100,2393.067831
-78.63594,100,2396.159535
-78.682589,100,2399.04568
-57.594557,100,2401.643098
-92.085857,100,2404.028897
-51.169788,100,2407.057601
-70.47398,100,2410.202273
-77.367827,100,2413.052593
-60.398243,100,2415.803049
-64.857619,100,2418.129155
-54.778799,100,2420.671273
-47.400479,100,2423.802202
-62.362143,100,2426.894809
-45.547494,100,2430.086424
-65.145445,100,2432.995083
-73.95449,100,2435.542603
-76.362005,100,2438.253328
-36.967004,100,2441.22753
-57.348458,100,2445.779654
-85.02251,100,2448.738955
-50.268833,100,2451.670226
-59.530488,100,2454.28065
-67.979764,100,2457.169056
-54.001469,100,2460.229799
-55.077455,100,2463.275411
-55.638969,100,2466.406629
-74.313078,100,2469.31036
-57.558108,100,2472.089876
-68.304277,100,2474.976895
-94.096009,100,2478.034899
-71.389838,100,2481.219833
-77.11728,100,2484.187399
-60.820536,100,2486.853699
-49.540498,100,2489.506059
-70.029457,100,2492.420559
-50.402152,100,2495.579579
-70.482843,100,2498.710908
-61.003609,100,2501.658547
-72.816708,100,2505.483108
-62.73788,100,2508.215288
-56.219048,100,2511.341838
-41.858965,100,2514.507324
-56.618975,100,2517.602549
-1068.735245,100,2520.231535
-102.731859,100,2522.604484
-65.950781,100,2525.303324
-43.18029,100,2528.273601
-81.726058,100,2531.045929
-57.298825,100,2534.332083
-51.982523,100,2537.463757
-57.722204,100,2540.143315
-56.698395,100,2542.955418
-44.141399,100,2546.063619
-55.774292,100,2549.400635
-53.235848,100,2552.316943
-65.495869,100,2555.116729
-1123.416353,100,2557.369446
-66.508206,100,2560.129701
-67.844939,100,2563.117397
-1090.66236,100,2567.140116
-86.702827,100,2569.992484
-36.00807,100,2572.534764
-1097.03766,100,2574.860632
-43.076927,100,2577.675204
-103.781429,100,2580.721688
-92.900252,100,2583.601383
-40.338528,100,2586.655134
-71.315753,100,2589.550976
-61.953541,100,2592.084852
-55.419635,100,2595.114115
-57.953265,100,2598.266422
-69.60508,100,2601.569648
-54.642532,100,2604.813378
-84.609256,100,2607.142992
-1084.660806,100,2609.453366
-57.384717,100,2612.228202
-91.050591,100,2615.237535
-105.534762,100,2618.045809
-1088.304182,100,2620.810433
-88.967841,100,2624.798904
-46.436099,100,2627.369277
-61.660618,100,2630.492284
-80.742466,100,2633.789985
-47.94032,100,2637.146317
-55.866962,100,2640.184976
-1075.098753,100,2642.565718
-63.211861,100,2645.25139
-63.18915,100,2648.133138
-50.82891,100,2651.365932
-58.009682,100,2654.504677
-60.085899,100,2657.376451
-65.421624,100,2659.915164
-91.742034,100,2662.631508
-39.90362,100,2665.655982
-88.949343,100,2668.873782
-105.708151,100,2671.933298
-62.629909,100,2674.859748
-65.701156,100,2677.172361
-91.554269,100,2680.027664
-50.215432,100,2682.997684
-1083.709972,100,2687.034465
-68.637288,100,2690.216206
-68.467867,100,2692.749912
-52.929376,100,2695.343651
-68.845742,100,2698.242751
-99.081854,100,2701.200267
-82.625471,100,2704.558285
-77.596841,100,2707.57011
-68.392859,100,2710.149052
-54.730631,100,2712.663158
-50.755433,100,2715.728467
-51.516998,100,2718.740468
-46.631884,100,2721.945195
-58.268341,100,2725.120279
-95.687227,100,2727.671222
-38.365369,100,2730.303419
-58.242839,100,2733.084628
-75.494666,100,2735.907465
-67.31312,100,2739.20367
-54.924702,100,2742.316176
-39.292706,100,2746.304264
-57.61788,100,2748.973152
-49.997015,100,2751.879203
-68.327449,100,2754.976884
-75.102136,100,2758.21135
-55.790034,100,2761.104089
-104.752849,100,2763.543724
-53.367408,100,2766.452267
-41.521087,100,2769.361748
-63.59641,100,2772.424347
-51.264508,100,2775.585476
-49.871947,100,2778.507892
-72.38274,100,2781.169324
-81.905239,100,2783.67877
-59.844533,100,2786.789702
-71.726926,100,2789.811871
-53.643871,100,2792.899348
-79.100139,100,2795.81303
-83.404199,100,2798.384789
-62.101703,100,2801.32128
-55.206542,100,2804.526107
-75.419221,100,2808.853219
-91.461141,100,2811.632648
-52.631307,100,2814.251894
-88.847612,100,2816.95429
-73.3097,100,2819.879448
-76.407924,100,2823.028092
-51.636978,100,2826.155523
-1076.046583,100,2828.968188
-67.206495,100,2831.562939
-82.000066,100,2834.13728
-80.841939,100,2837.139201
-42.293682,100,2840.22397
-61.781447,100,2843.253978
-107.242898,100,2846.237021
-100.871227,100,2848.55012
-52.355017,100,2851.140774
-72.333105,100,2853.926182
-49.585294,100,2857.224223
-81.219889,100,2860.079558
-76.583888,100,2863.001893
-52.162977,100,2867.150751
-75.849153,100,2869.903307
-91.994689,100,2872.865211
-44.344401,100,2876.057032
-47.882414,100,2879.330079
-89.688381,100,2882.121816
-1084.527656,100,2884.614188
-60.085369,100,2887.491216
-58.848884,100,2890.625798
-59.781738,100,2893.806799
-70.63118,100,2896.787353
-57.449106,100,2899.532777
-48.180968,100,2902.289332
-57.070302,100,2905.417613
-78.173322,100,2908.626409
-68.652363,100,2911.529611
-40.636415,100,2914.4684
-78.040212,100,2916.937879
-46.637545,100,2919.794857
-99.433329,100,2922.506173
-63.212704,100,2925.696595
-65.60435,100,2929.951547
-74.555914,100,2932.602689
-61.215871,100,2935.285968
-64.182262,100,2937.905055
-56.98697,100,2940.894526
-63.629648,100,2944.061593
-82.878118,100,2946.870748
-65.769426,100,2949.592512
-47.032663,100,2952.187828
-196.618542,100,2955.017393
-1076.5434,100,2957.826105
-79.754625,100,2960.845057
-32.626489,100,2964.123602
-72.214588,100,2966.789896
-62.143068,100,2969.353733
-65.02229,100,2971.842324
-45.690333,100,2974.699121
-71.894326,100,2977.709549
-64.742258,100,2980.91352
-50.406024,100,2983.722512
-45.926866,100,2987.658088
-65.006081,100,2990.500798
-60.196381,100,2993.441811
-57.489812,100,2996.486631
-55.643173,100,2999.640326
-72.733607,100,3002.120863
-60.140399,100,3004.86851
-59.339771,100,3007.85695
-69.4712,100,3010.946126
-76.85692,100,3014.122229
-79.544386,100,3017.102874
-49.546402,100,3019.798247
-61.299705,100,3022.592169
-61.103681,100,3025.553689
-52.32594,100,3028.811836
-51.776825,100,3031.97101
-43.681893,100,3035.054928
-51.654021,100,3037.624061
-70.706622,100,3040.433849
-54.626799,100,3043.560921
-61.260386,100,3046.798366
-78.37614,100,3051.172375
-57.732351,100,3053.667331
-87.457355,100,3056.110613
-40.999567,100,3059.219953
-77.608248,100,3062.243346
-49.696225,100,3065.3536
-49.511489,100,3068.572466
-61.671793,100,3071.129797
-48.424534,100,3073.865382
-37.710345,100,3076.751251
-45.23767,100,3079.907659
-46.880404,100,3082.986638
-69.006682,100,3086.01401
-79.163867,100,3088.391982
-61.711399,100,3091.123639
-61.862344,100,3094.045515
-59.206459,100,3097.249044
-83.08682,100,3100.26095
-51.637677,100,3103.282762
-55.879706,100,3105.980867
-69.21933,100,3110.011964
-48.065649,100,3113.214249
-46.914719,100,3116.379206
-88.681782,100,3119.512043
-72.992111,100,3122.049829
-51.596073,100,3124.673128
-1085.350917,100,3127.049699
-67.746544,100,3129.900727
-42.807496,100,3133.287622
-50.167538,100,3136.503685
-44.976038,100,3139.425496
-54.051568,100,3142.028109
-65.829914,100,3144.744729
-53.686079,100,3147.759316
-51.579497,100,3150.840033
-53.928522,100,3153.922502
-55.148248,100,3156.598323
-64.715274,100,3159.157621
-65.68478,100,3161.933256
-45.372329,100,3164.882353
-62.508855,100,3169.355624
-47.645545,100,3172.419528
-1092.192259,100,3174.621093
-71.90322,100,3177.302013
-38.690811,100,3180.362838
-62.696501,100,3183.440823
-1053.24965,100,3186.054167
-1081.228725,100,3188.699486
-41.333614,100,3191.281685
-1080.126559,100,3193.683496
-51.27612,100,3196.686298
-39.889651,100,3200.067223
-81.271163,100,3203.128222
-55.883239,100,3206.296378
-60.657656,100,3208.874357
-75.013509,100,3211.399166
-69.706283,100,3214.322065
-34.791178,100,3217.330432
-39.82521,100,3220.547148
-45.282342,100,3223.711551
-37.913207,100,3226.41979
-52.38906,100,3230.446745
-78.412114,100,3233.504001
-51.354718,100,3236.70966
-72.475534,100,3239.685664
-44.391491,100,3242.326982
-41.814995,100,3245.063382
-72.727946,100,3247.758355
-88.051965,100,3250.935042
-61.817306,100,3253.995546
-88.213485,100,3256.776767
-82.55857,100,3259.419929
-54.010287,100,3262.159835
-49.754332,100,3265.036101
-58.186216,100,3268.164106
-62.087686,100,3271.424791
-49.283708,100,3274.465518
-38.145258,100,3277.442569
-86.352024,100,3280.178569
-47.67991,100,3283.232073
-43.818396,100,3286.196045
-57.495316,100,3290.548558
-59.243727,100,3293.102224
-49.313571,100,3295.914798
-43.145567,100,3298.597313
-43.166238,100,3301.649827
-1102.343627,100,3304.465517
-66.817641,100,3307.551281
-48.004885,100,3310.359295
-56.041346,100,3313.18754
-61.427193,100,3315.888555
-48.459644,100,3318.925176
-40.19153,100,3322.163695
-53.808224,100,3325.201357
-58.538761,100,3327.963071
-76.104156,100,3330.46672
-67.069432,100,3333.326237
-56.983287,100,3336.48515
-54.573472,100,3339.625361
-58.748649,100,3342.499743
-57.503013,100,3345.003187
-83.993407,100,3347.446641
-66.542973,100,3352.006693
-59.386963,100,3355.124847
-43.94232,100,3358.165162
-38.087144,100,3360.862751
-53.344526,100,3363.496718
-89.60679,100,3366.459088
-65.516095,100,3369.561883
-55.30511,100,3372.832595
-55.948954,100,3375.803787
-57.241198,100,3378.482131
-56.676428,100,3381.173639
-63.403918,100,3384.094429
-45.394327,100,3387.142952
-49.431292,100,3390.573045
-52.396896,100,3393.74712
-49.463828,100,3396.624593
-45.154907,100,3399.666513
-43.460617,100,3402.901392
-55.898982,100,3406.072052
-49.806841,100,3409.14751
-50.163351,100,3413.212919
-48.058966,100,3415.959859
-47.632797,100,3418.997084
-60.439595,100,3422.127404
-59.969011,100,3425.296125
-50.085576,100,3428.343193
-54.348247,100,3431.17328
-51.157349,100,3434.137203
-55.427045,100,3437.109663
-51.420072,100,3440.116677
-46.716,100,3443.190275
-55.213918,100,3445.991116
-210.585448,100,3448.775413
-59.831993,100,3451.41269
-43.838627,100,3454.494869
-44.775658,100,3457.804777
-52.306616,100,3460.755182
-47.043664,100,3463.709593
-74.894396,100,3466.482822
-70.263163,100,3469.264839
-63.275102,100,3472.494167
-47.119167,100,3476.962756
-51.840119,100,3479.819004
-70.390406,100,3482.382833
-54.97071,100,3485.289119
-76.863533,100,3488.35107
-52.845286,100,3491.690089
-54.151328,100,3494.79071
-37.057729,100,3497.544551
-61.162133,100,3500.21911
-60.683687,100,3502.953284
-69.375739,100,3505.929677
-62.687983,100,3509.150869
-57.302779,100,3512.232435
-51.289945,100,3514.855969
-61.327287,100,3517.714808
-41.240902,100,3520.563585
-57.909985,100,3523.754821
-58.658775,100,3526.934447
-75.028602,100,3529.85421
-69.1269,100,3532.468997
-46.503294,100,3536.797456
-53.405407,100,3539.938074
-71.155728,100,3543.106449
-54.589936,100,3546.30793
-60.473512,100,3548.912426
-65.771389,100,3551.694131
-73.29579,100,3554.382307
-52.633848,100,3557.399054
-45.672916,100,3560.412613
-1103.955217,100,3563.456925
-52.33539,100,3566.131011
-66.743133,100,3568.807491
-51.919937,100,3571.689449
-45.894608,100,3575.014203
-61.427532,100,3578.141543
-60.255522,100,3581.23801
-43.990736,100,3583.931045
-63.679146,100,3586.520591
-41.423873,100,3589.497115
-62.844003,100,3592.5816
-44.640327,100,3595.807711
-1077.361666,100,3599.31653
-60.266704,100,3602.053118
-54.470984,100,3604.789939
-67.375699,100,3607.861863
-66.296838,100,3610.994501
-70.175533,100,3614.046623
-53.643115,100,3616.975339
-53.741192,100,3619.565582
-55.659095,100,3622.474818
-70.609141,100,3625.491773
-64.388133,100,3628.577971
-50.411367,100,3631.769923
-1075.579951,100,3634.041319
-67.280362,100,3636.774046
-42.962003,100,3639.571994
-57.050031,100,3642.54925
-58.570323,100,3645.648621
-76.144961,100,3648.766544
-59.886338,100,3651.370774
-54.300323,100,3654.073042
-55.485287,100,3658.263968
-54.782352,100,3661.451606
-60.262954,100,3664.662183
-46.986074,100,3667.482655
-62.800261,100,3670.061294
-53.269022,100,3673.022764
-57.872754,100,3676.146755
-65.420209,100,3679.226908
-71.795174,100,3682.284371
-62.351037,100,3684.974742
-70.265888,100,3687.640318
-46.859847,100,3690.503671
-42.702854,100,3693.611792
-59.065254,100,3696.664862
-44.984505,100,3699.787829
-45.164063,100,3702.270461
-61.651179,100,3704.825292
-63.108457,100,3707.810318
-67.794376,100,3710.988006
-55.15994,100,3713.97702
-45.997427,100,3717.099702
-47.383933,100,3720.751311
-43.585943,100,3723.676348
-50.742116,100,3726.491929
-64.642672,100,3729.631942
-64.429237,100,3732.709046
-55.381471,100,3735.472428
-63.178255,100,3737.886944
-42.28075,100,3740.824097
-56.704085,100,3743.723336
-54.239896,100,3746.699481
-1088.635084,100,3749.556358
-52.015746,100,3752.534777
-58.946434,100,3755.066098
-57.331305,100,3757.912802
11.817674,100,3760.980343
-60.20644,100,3764.140442
-49.005139,100,3767.390227
-65.413332,100,3770.379919
-53.99013,100,3772.814085
-52.596351,100,3775.595616
-64.231582,100,3779.898964
-50.687217,100,3783.118191
-82.015614,100,3785.98608
-73.296443,100,3788.545991
-57.806052,100,3791.263058
-49.458897,100,3793.997897
-68.805722,100,3796.993376
-77.26234,100,3800.255819
-48.803714,100,3803.330012
-72.497534,100,3805.924945
-52.509118,100,3808.615839
-57.411973,100,3811.328954
-1116.515577,100,3814.142187
-59.082975,100,3817.246756
-65.85234,100,3820.330528
-50.755134,100,3823.166472
-89.323078,100,3826.155968
-86.849017,100,3828.896085
-59.080471,100,3832.088092
-51.823083,100,3835.329647
-1066.715497,100,3838.401093
-41.896651,100,3842.357234
-55.96022,100,3845.175371
-66.391936,100,3848.15948
-56.2823,100,3851.19659
-52.201048,100,3854.358974
-64.646952,100,3857.321353
-63.405545,100,3860.179396
-53.849977,100,3863.109092
-73.17913,100,3866.400784
-54.572009,100,3869.334774
-60.031824,100,3872.286958
-1120.951046,100,3874.671713
-50.880117,100,3877.349734
-47.849946,100,3880.074993
-68.54983,100,3883.234631
-39.333546,100,3886.349009
-66.824326,100,3889.36095
-52.931487,100,3892.167324
-78.327162,100,3894.875487
-68.690618,100,3898.091786
-55.72492,100,3902.571846
-62.439771,100,3905.490992
-70.59008,100,3908.185269
-53.347765,100,3910.874501
-54.343487,100,3913.591459
-60.489273,100,3916.634904
-75.272074,100,3919.596957
-58.308516,100,3922.569371
-64.16791,100,3925.244556
-76.937587,100,3927.918203
-73.060951,100,3930.780942
-65.486517,100,3933.78705
-43.558755,100,3936.924609
-66.129632,100,3939.947918
-63.713372,100,3942.676357
-55.161583,100,3945.446527
-51.270001,100,3948.383309
-65.756636,100,3951.461636
-49.973681,100,3954.708087
-55.370579,100,3957.561541
-47.774086,100,3960.207854
-64.953074,100,3964.26861
-50.906377,100,3967.334509
-56.662154,100,3970.348377
-64.419757,100,3973.597837
-41.287268,100,3976.34672
-41.181847,100,3979.172994
-57.194989,100,3982.029344
-49.631228,100,3985.147498
-76.385397,100,3988.27667
-62.921183,100,3991.489907
-49.506979,100,3994.07923
-49.45514,100,3996.939656
-63.270586,100,3999.892317
-48.997046,100,4003.068425
-58.791916,100,4006.146853
-48.198718,100,4009.255749
-50.269649,100,4012.19646
-44.984315,100,4014.802542
-48.72646,100,4017.747593
-43.837478,100,4021.015563
-46.942399,100,4025.268504
-72.936303,100,4027.917053
-55.636103,100,4030.60446
-54.245676,100,4033.537522
-60.765727,100,4036.727397
-38.961457,100,4039.91274
-66.828836,100,4042.929967
-69.511666,100,4045.425815
-47.791661,100,4048.281515
-106.633472,100,4051.080466
-58.904856,100,4054.149011
-53.749893,100,4057.493339
-38.502554,100,4060.486651
-61.270985,100,4063.17865
-60.603731,100,4065.890827
-54.219614,100,4068.968495
-53.0989,100,4072.022171
-60.563047,100,4074.986021
-55.658584,100,4077.723192
-49.852221,100,4080.529493
-46.634255,100,4083.305998
-63.152847,100,4087.578964
-65.260464,100,4090.692889
-60.645803,100,4093.619381
-50.208553,100,4096.306967
-1041.762241,100,4098.680659
-53.566832,100,4101.268718
-51.594643,100,4104.501249
-65.427788,100,4107.649152
-56.356143,100,4110.537122
-40.44591,100,4113.134133
-76.96272,100,4116.063247
-48.284241,100,4118.755835
-68.48998,100,4121.964387
-41.84903,100,4125.019593
-73.791639,100,4127.972801
-68.636841,100,4130.980369
-54.562514,100,4133.794792
-1118.578203,100,4136.185584
-52.735914,100,4139.427237
-50.290959,100,4142.632514
-42.626614,100,4146.75361
-68.652716,100,4149.692935
-46.959703,100,4152.437843
-1117.429902,100,4155.390575
-70.64029,100,4158.568382
-60.772468,100,4161.597019
-52.03761,100,4164.373121
-40.107773,100,4167.147164
-58.20612,100,4169.92141
-38.647518,100,4173.119891
-48.554178,100,4176.259212
-58.844612,100,4179.122292
-68.585551,100,4182.022293
-1093.310647,100,4184.484286
-66.360863,100,4187.270999
-40.359074,100,4190.425189
-73.429403,100,4193.605227
-1073.686624,100,4196.227155
-45.835709,100,4198.979416
-83.667423,100,4202.03797
-58.770149,100,4204.942513
-46.892036,100,4209.350178
-62.993336,100,4212.329491
-69.455068,100,4215.273268
-57.556816,100,4217.913331
-42.954303,100,4220.90081
-47.584347,100,4223.884332
-59.003097,100,4227.125918
-35.81384,100,4229.996569
-62.087395,100,4232.701837
-67.504226,100,4235.450106
-54.461638,100,4238.318785
-41.126789,100,4241.652409
-61.87045,100,4244.685285
-61.559744,100,4247.675438
-59.666941,100,4250.448463
-63.499164,100,4252.981089
-50.097903,100,4256.167108
-38.45904,100,4259.160032
-68.052304,100,4262.314242
-57.40933,100,4265.232191
-36.594627,100,4269.388015
-45.243878,100,4272.445096
-48.297256,100,4275.418921
-31.684986,100,4278.507384
-55.7228,100,4281.422224
-37.837333,100,4284.134525
-57.16802,100,4286.890727
-41.641076,100,4289.995859
-52.486962,100,4293.192696
-60.387505,100,4296.142143
-58.234894,100,4298.925421
-60.249255,100,4301.746906
-41.45691,100,4304.584848
-72.81182,100,4307.698781
-73.577301,100,4310.887328
-72.886609,100,4313.791071
-70.489828,100,4316.65695
-74.165839,100,4319.456668
-66.754952,100,4322.269997
-57.24538,100,4325.376939
-48.71273,100,4328.559202
-71.695743,100,4332.734077
-59.727185,100,4335.443931
-54.185331,100,4338.214887
-53.25826,100,4341.243169
-57.288638,100,4344.317528
-50.055759,100,4347.402936
-53.95776,100,4350.385494
-39.956489,100,4353.19408
-55.306864,100,4355.816759
-40.42988,100,4358.994243
-67.202412,100,4362.190645
-56.372253,100,4365.106833
-38.740815,100,4367.831115
-55.843446,100,4370.642658
-47.776364,100,4373.476191
-36.368934,100,4376.586499
-54.499434,100,4379.738317
-42.222358,100,4382.65796
-62.594552,100,4385.372617
-57.605513,100,4388.290738
-64.536712,100,4392.511165
-39.520678,100,4395.669922
-66.868846,100,4398.808739
-54.782646,100,4401.704751
-47.330008,100,4404.463826
-61.661615,100,4407.136096
-81.391654,100,4410.165483
-35.966354,100,4413.307433
-72.074227,100,4416.686955
-38.790548,100,4419.566048
-45.675308,100,4422.283966
-55.622113,100,4425.244085
-49.518751,100,4428.300929
-46.167446,100,4431.345112
-53.701906,100,4434.392799
-49.044809,100,4437.20439
-1095.702581,100,4439.75634
-56.460949,100,4442.803984
-44.47683,100,4445.964285
-48.592652,100,4449.039814
-42.628938,100,4452.01955
-72.459927,100,4455.92373
-44.862563,100,4458.717957
-45.412501,100,4462.0593
-58.954849,100,4465.204301
-61.137762,100,4468.110064
-50.675858,100,4471.00281
-126.01877,100,4473.672262
-42.841188,100,4476.574794
-52.504772,100,4479.667352
-59.794516,100,4482.765932
-39.841879,100,4485.605698
-71.169149,100,4488.43892
-53.667922,100,4491.281126
-40.768587,100,4494.142474
-53.389011,100,4497.323365
-37.549997,100,4500.371758
-46.504337,100,4503.228099
-44.703391,100,4506.226716
-43.482771,100,4508.834038
-65.032622,100,4511.923039
-42.632792,100,4516.185979
-143.211511,100,4519.075223
-59.845565,100,4522.129369
-70.192521,100,4524.786146
-66.912942,100,4527.642227
-58.759224,100,4530.827772
-66.715115,100,4533.808382
-37.304613,100,4536.656156
-1063.170744,100,4539.558419
-45.074025,100,4542.219798
-54.235038,100,4545.282476
-48.666915,100,4548.202954
-50.706906,100,4551.419134
-64.664383,100,4554.121611
-55.172229,100,4556.886633
-50.042969,100,4559.577585
-48.252194,100,4562.678899
-57.830772,100,4565.696741
-40.258405,100,4568.581615
-44.245755,100,4571.460742
-59.605098,100,4574.206131
-1094.606587,100,4577.956157
-41.249247,100,4581.018754
-52.414876,100,4584.090999
-54.079397,100,4586.891334
-45.034985,100,4589.731575
-40.05998,100,4592.43135
-1089.820507,100,4595.11984
-55.502414,100,4598.267765
-49.639138,100,4601.473518
-68.447154,100,4604.432427
-64.486399,100,4607.292879
-47.681634,100,4609.983321
-40.343423,100,4613.110976
-48.646957,100,4616.104354
-62.307554,100,4619.012985
-56.836794,100,4622.015354
-40.262205,100,4624.795667
-63.259561,100,4627.460648
-63.402573,100,4630.427677
-43.938939,100,4633.508459
-48.903239,100,4637.660163
-37.38598,100,4640.625218
-53.931237,100,4643.335857
-52.093702,100,4646.247617
-42.018387,100,4649.397366
-46.953381,100,4652.246927
-49.587704,100,4655.512914
-53.288278,100,4658.219567
-47.716804,100,4661.257501
-48.377052,100,4664.297021
-62.496575,100,4667.279934
-39.975187,100,4670.00266
-49.106673,100,4673.15985
-43.10064,100,4676.10917
-57.22139,100,4679.187961
-59.979491,100,4682.278599
-40.801063,100,4685.167222
-46.342402,100,4688.274197
-54.113046,100,4691.104627
-52.632891,100,4693.982299
-40.800514,100,4698.296364
-39.175291,100,4701.256904
-39.051949,100,4704.066344
-55.259687,100,4707.173052
-54.289519,100,4710.09022
-60.212468,100,4712.963406
-72.066136,100,4715.90723
-53.187271,100,4718.701099
-47.839185,100,4721.899706
-46.366944,100,4725.053238
-51.753226,100,4728.084262
-49.707279,100,4730.968793
-61.677242,100,4733.714081
-48.533196,100,4736.631778
-50.487316,100,4739.735901
-57.053385,100,4742.721804
-46.983084,100,4745.656675
-36.363506,100,4748.273012
-47.213082,100,4750.966652
-49.818452,100,4753.919938
-62.531446,100,4757.211541
-1107.917915,100,4761.134898
-44.576197,100,4764.017654
-42.729618,100,4766.503273
-33.831019,100,4769.117972
-74.141514,100,4772.224698
-39.462775,100,4775.315135
-47.135364,100,4778.309322
-55.152242,100,4781.160055
-44.083838,100,4783.614436
-43.841131,100,4786.385203
-58.76121,100,4789.461961
-1110.025827,100,4792.457822
-64.294724,100,4795.506851
-1106.438746,100,4798.001623
-64.185402,100,4800.537633
-52.817305,100,4803.449091
-49.475431,100,4806.389603
-43.91921,100,4809.627704
-50.341304,100,4812.825035
-59.956994,100,4815.697677
-65.944061,100,4819.417656
-54.429986,100,4822.264939
-58.371641,100,4825.17953
-52.193528,100,4828.433301
-54.943565,100,4831.594341
-39.262577,100,4834.533845
-65.074166,100,4837.207141
-53.316491,100,4840.147292
-68.353908,100,4843.070763
-43.514238,100,4846.408931
-58.006756,100,4849.536016
-58.645132,100,4852.430745
-44.753666,100,4855.076898
-57.058696,100,4858.10095
-61.307319,100,4861.263446
-45.633161,100,4864.521784
-48.924179,100,4867.660148
-41.568968,100,4870.219358
-59.427974,100,4873.13415
-44.489907,100,4876.053967
-40.670736,100,4879.137547
-44.066928,100,4883.575523
-54.746524,100,4886.469728
-45.715657,100,4889.437536
-67.538949,100,4892.386261
-50.570875,100,4895.388664
-71.405579,100,4898.46517
-69.295817,100,4901.455125
-62.133685,100,4904.272478
-52.878415,100,4906.846294
-49.585439,100,4909.62038
-53.555249,100,4912.885679
-52.374508,100,4916.08977
-37.804189,100,4919.150868
-64.884241,100,4921.970538
-44.883511,100,4924.879803
-48.220775,100,4927.849163
-48.466655,100,4930.82293
-38.93376,100,4933.952188
-49.472781,100,4937.216938
-53.528631,100,4939.834716
-39.180841,100,4943.871186
-54.468426,100,4946.896828
-56.291378,100,4950.021682
-54.899461,100,4953.168601
-63.514535,100,4956.186636
-50.842292,100,4958.888303
-38.037569,100,4961.848632
-51.708881,100,4964.933204
-45.862007,100,4968.13856
-65.919154,100,4971.348022
-43.056489,100,4974.192395
-40.684846,100,4976.899794
-67.945959,100,4979.848013
-1094.340123,100,4982.641171
-55.225373,100,4985.619849
-43.526917,100,4988.832204
-40.156012,100,4991.643806
-46.825679,100,4994.423638
-59.531651,100,4997.40403
-40.743567,100,5000.453072
-40.28645,100,5003.580848
-53.171569,100,5007.948267
-56.470056,100,5010.672424
-37.343383,100,5013.64742
-51.125197,100,5016.603199
-46.15201,100,5019.680988
-44.177848,100,5022.898458
-46.10185,100,5025.991906
-58.884666,100,5028.67478
-47.009728,100,5031.614491
-53.926742,100,5034.7295
-56.306069,100,5038.054215
-61.269858,100,5041.245675
-51.489497,100,5044.126065
-62.187865,100,5046.743054
-42.717416,100,5049.656476
-48.635479,100,5052.774112
-54.446818,100,5056.095525
-60.273155,100,5059.260528
-67.66522,100,5062.317639
-43.757961,100,5064.992229
-57.610907,100,5069.33559
-58.827102,100,5072.553001
-54.602549,100,5075.771745
-58.230239,100,5078.940877
-60.6499,100,5081.705665
-43.002999,100,5084.552077
-58.576218,100,5087.733653
-1111.23468,100,5090.599481
-52.700763,100,5093.60796
-64.850706,100,5096.514757
-51.271007,100,5099.274504
-44.10221,100,5102.083617
-43.779362,100,5105.232076
-57.148561,100,5108.457931
-40.429663,100,5111.693328
-45.639768,100,5114.792797
-45.509867,100,5117.604523
-66.386166,100,5120.632836
-42.401396,100,5124.012435
-47.746932,100,5127.296286
-41.512723,100,5130.360655
-41.261624,100,5134.313151
-63.848109,100,5137.197
-42.731743,100,5140.3643
-52.43519,100,5143.614224
-50.520241,100,5146.887707
-52.859259,100,5149.831965
-41.798818,100,5152.65557
-56.430876,100,5155.630767
-68.776621,100,5158.748695
-70.924211,100,5161.918087
-61.098776,100,5165.026996
-71.422486,100,5167.636085
-46.254324,100,5170.391416
-58.172937,100,5173.244833
-65.418025,100,5176.426147
-48.341631,100,5179.559535
-63.055545,100,5182.723493
-57.721769,100,5185.575699
-51.917735,100,5188.247437
-63.264054,100,5191.128571
-52.047944,100,5195.388764
-45.645953,100,5198.668784
-1101.568138,100,5201.338203
-1108.382597,100,5203.49565
-46.518946,100,5206.507333
-63.114997,100,5209.607133
-58.690571,100,5212.896132
-42.903614,100,5216.048934
-46.657871,100,5218.90562
-68.540628,100,5221.677222
-51.74092,100,5224.584014
-72.118889,100,5227.841538
-52.652803,100,5231.018531
-47.886985,100,5234.094537
-48.549992,100,5237.082765
-49.521212,100,5239.992822
-63.583467,100,5242.764906
-35.982549,100,5245.983247
-53.773929,100,5248.991357
-40.757242,100,5252.033775
-57.277977,100,5254.725106
-1095.112346,100,5258.569261
-68.115824,100,5261.570442
-57.633476,100,5264.714923
-43.611936,100,5267.778036
-51.168407,100,5270.950012
-55.160394,100,5273.797983
-63.82085,100,5276.862138
-115.150448,100,5280.059041
-42.46226,100,5283.434169
-44.978977,100,5286.43334
-1099.786125,100,5289.039656
-47.925,100,5291.941858
-37.922081,100,5294.888436
-45.053472,100,5297.939377
-50.994725,100,5301.178259
-53.801194,100,5304.319101
-42.466771,100,5307.192822
-52.194853,100,5309.800847
-60.083687,100,5312.643713
-51.543831,100,5315.638089
-36.372522,100,5320.115538
-46.199509,100,5323.279774
-70.732751,100,5325.941456
-42.819238,100,5328.849951
-57.515142,100,5331.923957
-56.150809,100,5335.287905
-45.445296,100,5338.335472
-52.782648,100,5341.536489
-57.074487,100,5344.402341
-52.397143,100,5347.184883
-52.665798,100,5350.166689
-51.381999,100,5353.424077
-53.93647,100,5356.645236
-65.702292,100,5359.294744
-56.106798,100,5361.993215
-60.512837,100,5364.804293
-1117.0014,100,5367.633017
-44.251814,100,5370.760921
-50.994078,100,5373.968011
-53.359466,100,5376.683927
-47.57048,100,5379.164533
-52.056469,100,5383.624631
-62.662482,100,5387.045215
-47.565646,100,5390.285554
-56.399608,100,5393.312047
-55.264725,100,5396.099325
-66.900023,100,5398.979503
-51.881423,100,5402.167511
-61.112251,100,5405.234595
-48.661707,100,5408.327958
-46.430808,100,5411.426997
-45.816073,100,5414.099247
-62.901673,100,5417.114104
-45.090982,100,5420.255961
-47.786968,100,5423.459622
-53.366327,100,5426.503574
-43.521153,100,5429.292736
-49.906038,100,5431.886879
-47.74673,100,5434.703854
-51.858734,100,5437.704984
-68.836663,100,5440.8246
-52.977994,100,5445.003294
-1104.612326,100,5447.201107
-54.886433,100,5449.708501
-66.325563,100,5452.643367
-44.931327,100,5455.680526
-38.647103,100,5458.743228
-42.553924,100,5461.958507
-48.088109,100,5464.741942
-55.508104,100,5467.669636
-41.14338,100,5470.774267
-39.727868,100,5474.097916
-37.959033,100,5477.462572
-48.244216,100,5480.476034
-50.283924,100,5483.100729
-46.436486,100,5485.938662
-52.32856,100,5488.942124
-51.899674,100,5491.918812
-49.576599,100,5495.11238
-49.265918,100,5498.136818
-55.465429,100,5500.95696
-42.620344,100,5503.840299
-64.421748,100,5508.301495
-45.897891,100,5511.59347
-58.756751,100,5514.503374
-55.623329,100,5517.426922
-51.664425,100,5520.290873
-51.947227,100,5523.087192
-63.506582,100,5526.290489
-1110.623443,100,5529.076937
-57.540009,100,5532.01831
-45.15071,100,5534.62117
-47.998516,100,5537.485608
-44.94824,100,5540.511834
-46.529503,100,5543.859347
-60.03922,100,5547.018708
-54.910649,100,5550.140711
-55.330259,100,5552.957154
-53.341286,100,5555.538513
-63.84725,100,5558.600569
-48.745235,100,5561.692717
-56.485226,100,5564.736336
-49.379946,100,5568.933309
-45.749171,100,5571.673941
-52.779096,100,5574.651893
-55.455093,100,5577.862597
-45.417675,100,5580.953979
-60.039692,100,5584.158012
-43.680289,100,5586.927158
-63.263363,100,5589.670618
-40.895816,100,5592.782265
-46.846682,100,5595.908167
-53.752355,100,5599.105157
-54.311492,100,5602.269325
-48.447585,100,5605.012757
-38.607667,100,5607.83744
-46.428752,100,5610.918896
-55.51624,100,5614.313021
-44.410655,100,5617.575625
-1062.903523,100,5620.209495
-48.709414,100,5622.939653
-58.014056,100,5625.822447
-39.907007,100,5628.989955
-57.036426,100,5633.430996
-49.619913,100,5636.504691
-32.537712,100,5639.108745
-52.418973,100,5641.906419
-65.119132,100,5644.855555
-62.466373,100,5647.94873
-53.575582,100,5650.97923
-51.464379,100,5653.978245
-44.697913,100,5656.605549
-56.251171,100,5659.568989
-1114.247359,100,5662.332051
-43.023727,100,5665.532613
-57.094567,100,5668.855429
-45.773609,100,5671.944901
-49.031999,100,5674.699559
-60.263792,100,5677.623837
-45.716158,100,5680.650434
-46.009493,100,5683.845929
-50.584015,100,5687.086172
-40.311346,100,5690.036057
-53.915287,100,5694.001648
-62.66909,100,5696.958866
-73.70087,100,5700.167311
-57.38108,100,5703.531122
-1115.223127,100,5706.039851
-59.587798,100,5708.679752
-46.244336,100,5711.681798
-56.563005,100,5714.902974
-56.528369,100,5718.093979
-65.394763,100,5721.135519
-30.209595,100,5724.033603
-46.334062,100,5726.62518
-45.249159,100,5729.488083
-46.676637,100,5732.658567
-56.303103,100,5735.851309
-58.166042,100,5738.970533
-44.710472,100,5741.777195
-52.847566,100,5744.450297
-45.081695,100,5747.392475
-62.451933,100,5750.48179
-60.667294,100,5753.677665
-56.894423,100,5757.781032
-47.329807,100,5760.641047
-49.719663,100,5763.597818
-53.414022,100,5766.657329
-39.580221,100,5769.93665
-45.073718,100,5773.204103
-63.805999,100,5776.178508
-58.547939,100,5778.833441
-1121.301609,100,5781.114084
-51.202639,100,5784.167075
-62.268554,100,5787.281481
-65.682283,100,5790.568465
-71.549815,100,5793.295095
-56.07401,100,5796.011009
-55.832772,100,5798.863803
-52.763434,100,5801.925753
-46.714524,100,5805.040226
-52.475737,100,5808.295771
-73.556336,100,5810.786915
-45.750935,100,5813.434503
-66.647118,100,5817.867877
-64.79948,100,5820.933735
-51.852841,100,5824.197138
-56.414688,100,5827.062951
-1114.259787,100,5829.310247
-50.86756,100,5832.041241
-40.303302,100,5834.985238
-60.068792,100,5837.9966
-43.377055,100,5841.29105
-1106.566797,100,5843.919411
-57.303869,100,5846.425632
-52.482342,100,5849.264232
-60.946839,100,5852.328888
-59.55195,100,5855.662776
-54.531922,100,5858.865621
-48.433038,100,5861.900617
-56.847799,100,5864.523902
-53.238844,100,5867.450025
-52.084769,100,5870.290492
-49.407918,100,5873.606824
-53.742569,100,5876.686572
-45.964141,100,5880.541286
-58.912316,100,5883.146866
-45.718494,100,5886.079381
-53.373012,100,5889.293814
-51.937676,100,5892.647392
-47.246896,100,5895.673537
-45.836909,100,5898.371755
-50.152459,100,5901.142169
-42.313058,100,5904.028131
-53.358341,100,5907.390285
-43.061359,100,5910.696153
-51.487435,100,5913.627423
-37.70112,100,5916.316295
-38.843772,100,5919.212027
-45.230463,100,5922.252957
-1123.347174,100,5924.724927
-46.083832,100,5927.849308
-38.998926,100,5930.868451
-61.048039,100,5933.411828
-68.392379,100,5936.279694
-50.562169,100,5940.429538
-55.796437,100,5943.593909
-54.590827,100,5946.783823
-42.501597,100,5949.390118
-54.942651,100,5952.35573
-55.100872,100,5955.178551
-40.664755,100,5958.427758
-48.326376,100,5961.63443
-37.988664,100,5964.716317
-42.511107,100,5967.372501
-41.272991,100,5970.143389
-53.138651,100,5973.23177
-38.361018,100,5976.283696
-74.810237,100,5979.536646
-46.891187,100,5982.696508
-53.529827,100,5985.300964
-65.050291,100,5988.015948
-67.927089,100,5991.159869
-51.133524,100,5994.406351
-60.991507,100,5997.519962
-58.584857,100,6000.437739
-68.584242,100,6004.616875
-57.502914,100,6007.60206
-1115.361409,100,6010.371136
-45.026217,100,6013.472379
-45.559779,100,6016.531764
-47.758645,100,6019.338613
-46.219738,100,6022.081142
-62.520937,100,6025.122649
-1105.979362,100,6027.935472
-51.65514,100,6031.156234
-61.109685,100,6034.299968
-48.866512,100,6036.863425
-77.278635,100,6039.638198
-59.731116,100,6042.824769
-63.407522,100,6046.085841
-53.456296,100,6049.299877
-42.855683,100,6052.192826
-55.396833,100,6054.990399
-63.125524,100,6057.99573
-67.599104,100,6061.174634
-52.95878,100,6065.668047
-1088.9923,100,6068.36113
-62.826377,100,6070.974436
-37.217342,100,6073.670451
-55.669363,100,6076.802197
